{"model": "nano", "image_size": 640, "WER": 0.4629247038679052, "CER": 0.34540145996667054, "Time_no_yolo": 1165.6672008037567, "Time_yolo": 1148.0503857135773}