{"model": "nano", "image_size": 1216, "WER": 0.2502907885366364, "CER": 0.20911863481972331, "Time_no_yolo": 188.75493383407593, "Time_yolo": 167.6064531803131, "Seconds_feed": 29537.840937500052}