{"model": "nano", "image_size": 1216, "WER": 0.4794506232138622, "CER": 0.3565528148865823, "Time_no_yolo": 1165.6672008037567, "Time_yolo": 1182.8076112270355}