{"model": "nano", "image_size": 640, "WER": 0.4504543974661463, "CER": 0.33122159444967264, "Time_no_yolo": 1165.6672008037567, "Time_yolo": 1222.6845726966858}