{"model": "medium", "image_size": 640, "WER": 0.48747945062321385, "CER": 0.3649334047921386, "Time_no_yolo": 1165.6672008037567, "Time_yolo": 1201.8670773506165}