{"model": "medium", "image_size": 640, "WER": 0.32588899118891845, "CER": 0.2827413285009478, "Time_no_yolo": 188.75493383407593, "Time_yolo": 188.44141459465027, "Seconds_feed": 31491.391249999986}