{"model": "nano", "image_size": 1216, "WER": 0.5503997331093167, "CER": 0.4258420042728661, "Time_no_yolo": 1165.6672008037567, "Time_yolo": 1056.3594274520874}