{"model": "nano", "image_size": 640, "WER": 0.3585127040361125, "CER": 0.30349595514375755, "Time_no_yolo": 188.75493383407593, "Time_yolo": 159.63811492919922, "Seconds_feed": 31335.556625000023}