{"model": "medium", "image_size": 640, "WER": 0.5450458416904148, "CER": 0.42787503043365693, "Time_no_yolo": 1165.6672008037567, "Time_yolo": 984.0064198970795}