{"model": "nano", "image_size": 640, "WER": 0.45486372095453614, "CER": 0.3372855608840982, "Time_no_yolo": 1165.6672008037567, "Time_yolo": 1180.1698732376099}