batch,conf,f1
225,0.12406142478984909,0.7858867310836403
