batch,conf,iou,f1
240,0.01786706212910298,0.4609993861334124,0.7794052715666554