batch,conf,iou,f1
310,0.01786706212910298,0.4609993861334124,0.6162005172563918
