batch,conf,iou,f1
880,0.0437171785586603,0.42544423647442653,0.5835720810600169
