batch,conf,f1
880,0.13414973584446974,0.7139032810026781
