batch,conf,f1
305,0.10358796692139617,0.7250737083128551
