batch,conf,f1
900,0.1651229155286781,0.6939343073780937
