batch,conf,f1
240,0.16526532810627975,0.7510266818953862
