batch,conf,f1
325,0.12282052032246345,0.6951064998742706
